Interaction,Bead Pair,ΔG (kBT)
DPPC–DPPC,C1A-C1A,-0.71
DPPC–DPPC,C2A-C2A,-1.02
DPPC–DPPC,C3A-C3A,-0.90
DPPC–DPPC,C4A-C4A,-0.81
DPPC–DIPC,C1A-C1A,-0.13
DPPC–DIPC,C2A-D2A,-0.16
DPPC–DIPC,C3A-D3A,-0.04
DPPC–DIPC,C4A-C4A,-0.12
DIPC–DIPC,C1A-C1A,-0.74
DIPC–DIPC,D2A-D2A,-0.71
DIPC–DIPC,D3A-D3A,-0.52
DIPC–DIPC,C4A-C4A,-0.45
DPPC–CHOL,R1-C1A,-0.67
DPPC–CHOL,R1-C2A,-0.83
DPPC–CHOL,R1-C3A,-0.27
DIPC–CHOL,R1-C1A,-0.52
DIPC–CHOL,R1-D2A,-0.32
DIPC–CHOL,R1-D3A,-0.04
CHOL–CHOL,R1-R1,-0.30
CHOL–CHOL,R2-R2,-0.46
CHOL–CHOL,R3-R3,-0.17
